{
  "music" : {
    "transaction" : "music",
    "sampleCount" : 1,
    "errorCount" : 0,
    "errorPct" : 0.0,
    "meanResTime" : 2029.0,
    "minResTime" : 2029.0,
    "maxResTime" : 2029.0,
    "pct1ResTime" : 2029.0,
    "pct2ResTime" : 2029.0,
    "pct3ResTime" : 2029.0,
    "throughput" : 0.49285362247412523,
    "receivedKBytesPerSec" : 213.9605601589453,
    "sentKBytesPerSec" : 0.055831074420897
  },
  "yandex" : {
    "transaction" : "yandex",
    "sampleCount" : 1,
    "errorCount" : 0,
    "errorPct" : 0.0,
    "meanResTime" : 977.0,
    "minResTime" : 977.0,
    "maxResTime" : 977.0,
    "pct1ResTime" : 977.0,
    "pct2ResTime" : 977.0,
    "pct3ResTime" : 977.0,
    "throughput" : 1.0235414534288638,
    "receivedKBytesPerSec" : 203.70773893295805,
    "sentKBytesPerSec" : 0.16992387410440124
  },
  "Total" : {
    "transaction" : "Total",
    "sampleCount" : 4,
    "errorCount" : 1,
    "errorPct" : 25.0,
    "meanResTime" : 966.75,
    "minResTime" : 326.0,
    "maxResTime" : 2029.0,
    "pct1ResTime" : 2029.0,
    "pct2ResTime" : 2029.0,
    "pct3ResTime" : 2029.0,
    "throughput" : 1.032258064516129,
    "receivedKBytesPerSec" : 168.41582661290323,
    "sentKBytesPerSec" : 0.12953629032258066
  },
  "ya" : {
    "transaction" : "ya",
    "sampleCount" : 1,
    "errorCount" : 0,
    "errorPct" : 0.0,
    "meanResTime" : 326.0,
    "minResTime" : 326.0,
    "maxResTime" : 326.0,
    "pct1ResTime" : 326.0,
    "pct2ResTime" : 326.0,
    "pct3ResTime" : 326.0,
    "throughput" : 3.067484662576687,
    "receivedKBytesPerSec" : 54.27710410276073,
    "sentKBytesPerSec" : 0.3175325920245399
  },
  "google" : {
    "transaction" : "google",
    "sampleCount" : 1,
    "errorCount" : 1,
    "errorPct" : 100.0,
    "meanResTime" : 535.0,
    "minResTime" : 535.0,
    "maxResTime" : 535.0,
    "pct1ResTime" : 535.0,
    "pct2ResTime" : 535.0,
    "pct3ResTime" : 535.0,
    "throughput" : 1.8691588785046729,
    "receivedKBytesPerSec" : 3.305709696261682,
    "sentKBytesPerSec" : 0.2226927570093458
  }
}